
INSERT INTO categoria (id, nombre) VALUES ('e6f28455-bbdb-4aae-a443-fb07f938ff3d', 'Melee');
INSERT INTO categoria (id, nombre) VALUES ('cbf3b10c-5c97-4a3e-8421-3812b3a89927', 'Distancia');
INSERT INTO categoria (id, nombre) VALUES ('8f8cc2cc-b9ca-4a1a-b654-2e2f23462f0c', 'Cuero');
INSERT INTO categoria (id, nombre) VALUES ('81c049fb-d020-4941-b633-87f040ab4cb8', 'Metal');

INSERT INTO PRODUCTO (ID, NOMBRE, DESCRIPCION, PRECIO, STOCK, DESCUENTO, IMAGEN, CATEGORIA_ID) VALUES ('72b0d671-74a8-495f-8363-a1505783de1a', 'Mandoble', 'Espada afilada para el combate.', 150, 10, FALSE, '/imports/mandoble.jpg', 'e6f28455-bbdb-4aae-a443-fb07f938ff3d');
INSERT INTO PRODUCTO (ID, NOMBRE, DESCRIPCION, PRECIO, STOCK, DESCUENTO, IMAGEN, CATEGORIA_ID) VALUES ('230e506b-30a7-4b6a-8c2b-15b485353e9a', 'Hacha de guerra', 'Hacha poderosa de doble filo.', 180, 10, FALSE, '/imports/hacha_de_guerra.jpg', 'e6f28455-bbdb-4aae-a443-fb07f938ff3d');
INSERT INTO PRODUCTO (ID, NOMBRE, DESCRIPCION, PRECIO, STOCK, DESCUENTO, IMAGEN, CATEGORIA_ID) VALUES ('d123c28a-017c-45c3-bdf0-8b682b340b8c', 'Martillo de guerra', 'Maza pesada para aplastar enemigos.', 170, 10, FALSE, '/imports/martillo_de_guerra.jpg', 'e6f28455-bbdb-4aae-a443-fb07f938ff3d');
INSERT INTO PRODUCTO (ID, NOMBRE, DESCRIPCION, PRECIO, STOCK, DESCUENTO, IMAGEN, CATEGORIA_ID) VALUES ('8abc256e-58c4-4d43-88fd-88bc00df4a86', 'Daga 1', 'Daga rápida y letal.', 90, 10, FALSE, '/imports/daga_1.jpg', 'e6f28455-bbdb-4aae-a443-fb07f938ff3d');
INSERT INTO PRODUCTO (ID, NOMBRE, DESCRIPCION, PRECIO, STOCK, DESCUENTO, IMAGEN, CATEGORIA_ID) VALUES ('50fbc1b3-22e3-4010-bd59-ecd12492a600', 'Lanza 1', 'Lanza larga para ataques a distancia media.', 140, 10, FALSE, '/imports/lanza_1.jpg', 'e6f28455-bbdb-4aae-a443-fb07f938ff3d');
INSERT INTO PRODUCTO (ID, NOMBRE, DESCRIPCION, PRECIO, STOCK, DESCUENTO, IMAGEN, CATEGORIA_ID) VALUES ('2a05db8c-97f7-4363-b3f4-ab97fa857058', 'Florete', 'Espada afilada para el combate.', 150, 10, FALSE, '/imports/florete.jpg', 'e6f28455-bbdb-4aae-a443-fb07f938ff3d');
INSERT INTO PRODUCTO (ID, NOMBRE, DESCRIPCION, PRECIO, STOCK, DESCUENTO, IMAGEN, CATEGORIA_ID) VALUES ('9af4dbf5-5cdd-4488-9baf-1b8c020a30fc', 'Hacha vikinga', 'Hacha poderosa de doble filo.', 180, 10, FALSE, '/imports/hacha_vikinga.jpg', 'e6f28455-bbdb-4aae-a443-fb07f938ff3d');
INSERT INTO PRODUCTO (ID, NOMBRE, DESCRIPCION, PRECIO, STOCK, DESCUENTO, IMAGEN, CATEGORIA_ID) VALUES ('1cc9e176-19e2-4489-9106-db230a37e3d2', 'Maza de hierro', 'Maza pesada para aplastar enemigos.', 170, 10, FALSE, 'maza_de_hierro.jpg', 'e6f28455-bbdb-4aae-a443-fb07f938ff3d');
INSERT INTO PRODUCTO (ID, NOMBRE, DESCRIPCION, PRECIO, STOCK, DESCUENTO, IMAGEN, CATEGORIA_ID) VALUES ('0db0edbb-9b6c-478c-bebf-cdf3a03e6ced', 'Daga 2', 'Daga rápida y letal.', 90, 10, FALSE, 'daga_2.jpg', 'e6f28455-bbdb-4aae-a443-fb07f938ff3d');
INSERT INTO PRODUCTO (ID, NOMBRE, DESCRIPCION, PRECIO, STOCK, DESCUENTO, IMAGEN, CATEGORIA_ID) VALUES ('a08f15a3-7d8e-495f-9c9c-02e278327fc6', 'Lanza 2', 'Lanza larga para ataques a distancia media.', 140, 10, FALSE, 'lanza_2.jpg', 'e6f28455-bbdb-4aae-a443-fb07f938ff3d');
INSERT INTO PRODUCTO (ID, NOMBRE, DESCRIPCION, PRECIO, STOCK, DESCUENTO, IMAGEN, CATEGORIA_ID) VALUES ('5a4da16d-65f5-4ef0-81ac-4fbb276dd92f', 'Katana', 'Espada afilada para el combate.', 150, 10, FALSE, 'katana.jpg', 'e6f28455-bbdb-4aae-a443-fb07f938ff3d');
INSERT INTO PRODUCTO (ID, NOMBRE, DESCRIPCION, PRECIO, STOCK, DESCUENTO, IMAGEN, CATEGORIA_ID) VALUES ('066dad1c-42fe-4e59-957c-6e42665734ea', 'Tomahawk', 'Hacha poderosa de doble filo.', 180, 10, FALSE, 'tomahawk.jpg', 'e6f28455-bbdb-4aae-a443-fb07f938ff3d');
INSERT INTO PRODUCTO (ID, NOMBRE, DESCRIPCION, PRECIO, STOCK, DESCUENTO, IMAGEN, CATEGORIA_ID) VALUES ('7990e9be-e83e-4144-a1ca-de7c5212ae4a', 'Mangual', 'Maza pesada para aplastar enemigos.', 170, 10, FALSE, 'mangual.jpg', 'e6f28455-bbdb-4aae-a443-fb07f938ff3d');
INSERT INTO PRODUCTO (ID, NOMBRE, DESCRIPCION, PRECIO, STOCK, DESCUENTO, IMAGEN, CATEGORIA_ID) VALUES ('09602386-09a8-400f-ad17-bf88451dc844', 'Daga 3', 'Daga rápida y letal.', 90, 10, FALSE, 'daga_3.jpg', 'e6f28455-bbdb-4aae-a443-fb07f938ff3d');
INSERT INTO PRODUCTO (ID, NOMBRE, DESCRIPCION, PRECIO, STOCK, DESCUENTO, IMAGEN, CATEGORIA_ID) VALUES ('db51f838-0fd8-445e-b48f-638a86bbfc26', 'Lanza 3', 'Lanza larga para ataques a distancia media.', 140, 10, FALSE, 'lanza_3.jpg', 'e6f28455-bbdb-4aae-a443-fb07f938ff3d');
INSERT INTO PRODUCTO (ID, NOMBRE, DESCRIPCION, PRECIO, STOCK, DESCUENTO, IMAGEN, CATEGORIA_ID) VALUES ('24d16743-a7a5-4dc7-9af0-e88f2b235d8c', 'Sable', 'Espada afilada para el combate.', 150, 10, FALSE, 'sable.jpg', 'e6f28455-bbdb-4aae-a443-fb07f938ff3d');
INSERT INTO PRODUCTO (ID, NOMBRE, DESCRIPCION, PRECIO, STOCK, DESCUENTO, IMAGEN, CATEGORIA_ID) VALUES ('325e7cc3-8385-489f-9084-4b6a493c83ac', 'Hacha barbuda', 'Hacha poderosa de doble filo.', 180, 10, FALSE, 'hacha_barbuda.jpg', 'e6f28455-bbdb-4aae-a443-fb07f938ff3d');
INSERT INTO PRODUCTO (ID, NOMBRE, DESCRIPCION, PRECIO, STOCK, DESCUENTO, IMAGEN, CATEGORIA_ID) VALUES ('06fb1c3e-e0a0-410e-bada-7b7b88d25ba1', 'Maza ceremonial', 'Maza pesada para aplastar enemigos.', 170, 10, FALSE, 'maza_ceremonial.jpg', 'e6f28455-bbdb-4aae-a443-fb07f938ff3d');
INSERT INTO PRODUCTO (ID, NOMBRE, DESCRIPCION, PRECIO, STOCK, DESCUENTO, IMAGEN, CATEGORIA_ID) VALUES ('e85c9a4e-0b64-456b-9776-d188ea382a5a', 'Daga 4', 'Daga rápida y letal.', 90, 10, FALSE, 'daga_4.jpg', 'e6f28455-bbdb-4aae-a443-fb07f938ff3d');
INSERT INTO PRODUCTO (ID, NOMBRE, DESCRIPCION, PRECIO, STOCK, DESCUENTO, IMAGEN, CATEGORIA_ID) VALUES ('acb7af25-a51f-458f-92d9-417d1b71a84c', 'Lanza 4', 'Lanza larga para ataques a distancia media.', 140, 10, FALSE, 'lanza_4.jpg', 'e6f28455-bbdb-4aae-a443-fb07f938ff3d');
INSERT INTO PRODUCTO (ID, NOMBRE, DESCRIPCION, PRECIO, STOCK, DESCUENTO, IMAGEN, CATEGORIA_ID) VALUES ('bc940afb-e1a3-46fc-8648-ce0ce2bed95b', 'Arco Largo 1', 'Arco con gran precisión.', 200, 10, FALSE, 'arco_largo_1.jpg', 'cbf3b10c-5c97-4a3e-8421-3812b3a89927');
INSERT INTO PRODUCTO (ID, NOMBRE, DESCRIPCION, PRECIO, STOCK, DESCUENTO, IMAGEN, CATEGORIA_ID) VALUES ('4c2e9223-eb7a-4c3b-8253-5a28859c6ae4', 'Ballesta 1', 'Ballesta de alto impacto.', 250, 10, FALSE, 'ballesta_1.jpg', 'cbf3b10c-5c97-4a3e-8421-3812b3a89927');
INSERT INTO PRODUCTO (ID, NOMBRE, DESCRIPCION, PRECIO, STOCK, DESCUENTO, IMAGEN, CATEGORIA_ID) VALUES ('5640e0b9-ebcc-4744-be22-fe52feacae3e', 'Honda 1', 'Honda ligera y efectiva.', 80, 10, FALSE, 'honda_1.jpg', 'cbf3b10c-5c97-4a3e-8421-3812b3a89927');
INSERT INTO PRODUCTO (ID, NOMBRE, DESCRIPCION, PRECIO, STOCK, DESCUENTO, IMAGEN, CATEGORIA_ID) VALUES ('43ebc800-9da3-4a00-b593-19b7a985f4b0', 'Flechas Explosivas 1', 'Munición especial para arcos.', 300, 10, FALSE, 'flechas_explosivas_1.jpg', 'cbf3b10c-5c97-4a3e-8421-3812b3a89927');
INSERT INTO PRODUCTO (ID, NOMBRE, DESCRIPCION, PRECIO, STOCK, DESCUENTO, IMAGEN, CATEGORIA_ID) VALUES ('529a9b54-f3ba-4a4a-b090-2a288309856c', 'Bumerán 1', 'Arma arrojadiza de retorno.', 120, 10, FALSE, 'bumerán_1.jpg', 'cbf3b10c-5c97-4a3e-8421-3812b3a89927');
INSERT INTO PRODUCTO (ID, NOMBRE, DESCRIPCION, PRECIO, STOCK, DESCUENTO, IMAGEN, CATEGORIA_ID) VALUES ('9b17a3bc-1d10-47d6-bd58-c2e0fcdd6d03', 'Arco Largo 2', 'Arco con gran precisión.', 200, 10, FALSE, 'arco_largo_2.jpg', 'cbf3b10c-5c97-4a3e-8421-3812b3a89927');
INSERT INTO PRODUCTO (ID, NOMBRE, DESCRIPCION, PRECIO, STOCK, DESCUENTO, IMAGEN, CATEGORIA_ID) VALUES ('0646aae3-7aa0-4428-b84f-1642992f0221', 'Ballesta 2', 'Ballesta de alto impacto.', 250, 10, FALSE, 'ballesta_2.jpg', 'cbf3b10c-5c97-4a3e-8421-3812b3a89927');
INSERT INTO PRODUCTO (ID, NOMBRE, DESCRIPCION, PRECIO, STOCK, DESCUENTO, IMAGEN, CATEGORIA_ID) VALUES ('76f522ab-2c34-4d80-b11e-eb0c5b73c009', 'Honda 2', 'Honda ligera y efectiva.', 80, 10, FALSE, 'honda_2.jpg', 'cbf3b10c-5c97-4a3e-8421-3812b3a89927');
INSERT INTO PRODUCTO (ID, NOMBRE, DESCRIPCION, PRECIO, STOCK, DESCUENTO, IMAGEN, CATEGORIA_ID) VALUES ('196e135e-8060-47ea-bef5-5274177349e5', 'Flechas Explosivas 2', 'Munición especial para arcos.', 300, 10, FALSE, 'flechas_explosivas_2.jpg', 'cbf3b10c-5c97-4a3e-8421-3812b3a89927');
INSERT INTO PRODUCTO (ID, NOMBRE, DESCRIPCION, PRECIO, STOCK, DESCUENTO, IMAGEN, CATEGORIA_ID) VALUES ('71708b07-0a1e-43e8-a47b-23f4e12d771e', 'Bumerán 2', 'Arma arrojadiza de retorno.', 120, 10, FALSE, 'bumerán_2.jpg', 'cbf3b10c-5c97-4a3e-8421-3812b3a89927');
INSERT INTO PRODUCTO (ID, NOMBRE, DESCRIPCION, PRECIO, STOCK, DESCUENTO, IMAGEN, CATEGORIA_ID) VALUES ('35b90630-ca20-4232-8862-0f658a10693b', 'Arco Largo 3', 'Arco con gran precisión.', 200, 10, FALSE, 'arco_largo_3.jpg', 'cbf3b10c-5c97-4a3e-8421-3812b3a89927');
INSERT INTO PRODUCTO (ID, NOMBRE, DESCRIPCION, PRECIO, STOCK, DESCUENTO, IMAGEN, CATEGORIA_ID) VALUES ('23b19540-4f27-4afb-b7e2-ce78c2da2bf4', 'Ballesta 3', 'Ballesta de alto impacto.', 250, 10, FALSE, 'ballesta_3.jpg', 'cbf3b10c-5c97-4a3e-8421-3812b3a89927');
INSERT INTO PRODUCTO (ID, NOMBRE, DESCRIPCION, PRECIO, STOCK, DESCUENTO, IMAGEN, CATEGORIA_ID) VALUES ('a33444be-80af-45b1-93a6-1092f044909e', 'Honda 3', 'Honda ligera y efectiva.', 80, 10, FALSE, 'honda_3.jpg', 'cbf3b10c-5c97-4a3e-8421-3812b3a89927');
INSERT INTO PRODUCTO (ID, NOMBRE, DESCRIPCION, PRECIO, STOCK, DESCUENTO, IMAGEN, CATEGORIA_ID) VALUES ('e23dcbd6-b210-4beb-a749-b175dca41b92', 'Flechas Explosivas 3', 'Munición especial para arcos.', 300, 10, FALSE, 'flechas_explosivas_3.jpg', 'cbf3b10c-5c97-4a3e-8421-3812b3a89927');
INSERT INTO PRODUCTO (ID, NOMBRE, DESCRIPCION, PRECIO, STOCK, DESCUENTO, IMAGEN, CATEGORIA_ID) VALUES ('769844cc-e708-44f0-9d46-814873949be1', 'Bumerán 3', 'Arma arrojadiza de retorno.', 120, 10, FALSE, 'bumerán_3.jpg', 'cbf3b10c-5c97-4a3e-8421-3812b3a89927');
INSERT INTO PRODUCTO (ID, NOMBRE, DESCRIPCION, PRECIO, STOCK, DESCUENTO, IMAGEN, CATEGORIA_ID) VALUES ('49a26115-0ac9-44f9-a9cb-fc806a973b0a', 'Arco Largo 4', 'Arco con gran precisión.', 200, 10, FALSE, 'arco_largo_4.jpg', 'cbf3b10c-5c97-4a3e-8421-3812b3a89927');
INSERT INTO PRODUCTO (ID, NOMBRE, DESCRIPCION, PRECIO, STOCK, DESCUENTO, IMAGEN, CATEGORIA_ID) VALUES ('75516a71-1c5d-4629-9096-bc8aa8853350', 'Ballesta 4', 'Ballesta de alto impacto.', 250, 10, FALSE, 'ballesta_4.jpg', 'cbf3b10c-5c97-4a3e-8421-3812b3a89927');
INSERT INTO PRODUCTO (ID, NOMBRE, DESCRIPCION, PRECIO, STOCK, DESCUENTO, IMAGEN, CATEGORIA_ID) VALUES ('349cb432-2d34-43af-9cc1-88f32fecc482', 'Honda 4', 'Honda ligera y efectiva.', 80, 10, FALSE, 'honda_4.jpg', 'cbf3b10c-5c97-4a3e-8421-3812b3a89927');
INSERT INTO PRODUCTO (ID, NOMBRE, DESCRIPCION, PRECIO, STOCK, DESCUENTO, IMAGEN, CATEGORIA_ID) VALUES ('288887a6-e6ea-4d84-ad77-cc4d6c10fe79', 'Flechas Explosivas 4', 'Munición especial para arcos.', 300, 10, FALSE, 'flechas_explosivas_4.jpg', 'cbf3b10c-5c97-4a3e-8421-3812b3a89927');
INSERT INTO PRODUCTO (ID, NOMBRE, DESCRIPCION, PRECIO, STOCK, DESCUENTO, IMAGEN, CATEGORIA_ID) VALUES ('158399db-d548-45d8-a978-cc6be7eeca5d', 'Bumerán 4', 'Arma arrojadiza de retorno.', 120, 10, FALSE, 'bumerán_4.jpg', 'cbf3b10c-5c97-4a3e-8421-3812b3a89927');
INSERT INTO PRODUCTO (ID, NOMBRE, DESCRIPCION, PRECIO, STOCK, DESCUENTO, IMAGEN, CATEGORIA_ID) VALUES ('0cc6f00f-09e4-4793-a4c6-6ebd360de163', 'Armadura de Cuero 1', 'Protección ligera pero flexible.', 120, 10, FALSE, 'armadura_de_cuero_1.jpg', '8f8cc2cc-b9ca-4a1a-b654-2e2f23462f0c');
INSERT INTO PRODUCTO (ID, NOMBRE, DESCRIPCION, PRECIO, STOCK, DESCUENTO, IMAGEN, CATEGORIA_ID) VALUES ('55d8afa3-3671-444a-9481-e61d1a3a4a32', 'Botas de Cuero 1', 'Cómodas y resistentes.', 80, 10, FALSE, 'botas_de_cuero_1.jpg', '8f8cc2cc-b9ca-4a1a-b654-2e2f23462f0c');
INSERT INTO PRODUCTO (ID, NOMBRE, DESCRIPCION, PRECIO, STOCK, DESCUENTO, IMAGEN, CATEGORIA_ID) VALUES ('59ae08e4-0b38-4f75-bee9-ca118dfddb87', 'Guantes de Cuero 1', 'Mejoran el agarre y protección.', 60, 10, FALSE, 'guantes_de_cuero_1.jpg', '8f8cc2cc-b9ca-4a1a-b654-2e2f23462f0c');
INSERT INTO PRODUCTO (ID, NOMBRE, DESCRIPCION, PRECIO, STOCK, DESCUENTO, IMAGEN, CATEGORIA_ID) VALUES ('1db1bb7d-9a24-4636-921f-13738724ec7b', 'Peto de Cuero 1', 'Cobertura amplia para el torso.', 150, 10, FALSE, 'peto_de_cuero_1.jpg', '8f8cc2cc-b9ca-4a1a-b654-2e2f23462f0c');
INSERT INTO PRODUCTO (ID, NOMBRE, DESCRIPCION, PRECIO, STOCK, DESCUENTO, IMAGEN, CATEGORIA_ID) VALUES ('b7d3fe3d-3313-44c9-ae38-c9425abdef86', 'Casco de Cuero 1', 'Protege la cabeza sin restringir visión.', 100, 10, FALSE, 'casco_de_cuero_1.jpg', '8f8cc2cc-b9ca-4a1a-b654-2e2f23462f0c');
INSERT INTO PRODUCTO (ID, NOMBRE, DESCRIPCION, PRECIO, STOCK, DESCUENTO, IMAGEN, CATEGORIA_ID) VALUES ('84ed9f26-6383-435e-8e72-d2a3c34f68c7', 'Armadura de Cuero 2', 'Protección ligera pero flexible.', 120, 10, FALSE, 'armadura_de_cuero_2.jpg', '8f8cc2cc-b9ca-4a1a-b654-2e2f23462f0c');
INSERT INTO PRODUCTO (ID, NOMBRE, DESCRIPCION, PRECIO, STOCK, DESCUENTO, IMAGEN, CATEGORIA_ID) VALUES ('db194487-93d1-4ff5-a58e-d850f6bd59da', 'Botas de Cuero 2', 'Cómodas y resistentes.', 80, 10, FALSE, 'botas_de_cuero_2.jpg', '8f8cc2cc-b9ca-4a1a-b654-2e2f23462f0c');
INSERT INTO PRODUCTO (ID, NOMBRE, DESCRIPCION, PRECIO, STOCK, DESCUENTO, IMAGEN, CATEGORIA_ID) VALUES ('4bf76146-2c4f-488d-8998-2a87c84e7f97', 'Guantes de Cuero 2', 'Mejoran el agarre y protección.', 60, 10, FALSE, 'guantes_de_cuero_2.jpg', '8f8cc2cc-b9ca-4a1a-b654-2e2f23462f0c');
INSERT INTO PRODUCTO (ID, NOMBRE, DESCRIPCION, PRECIO, STOCK, DESCUENTO, IMAGEN, CATEGORIA_ID) VALUES ('7dfd3209-b22b-4384-ab6c-205eab4d20ea', 'Peto de Cuero 2', 'Cobertura amplia para el torso.', 150, 10, FALSE, 'peto_de_cuero_2.jpg', '8f8cc2cc-b9ca-4a1a-b654-2e2f23462f0c');
INSERT INTO PRODUCTO (ID, NOMBRE, DESCRIPCION, PRECIO, STOCK, DESCUENTO, IMAGEN, CATEGORIA_ID) VALUES ('a85f8d9f-da81-48a7-a8e8-143405021028', 'Casco de Cuero 2', 'Protege la cabeza sin restringir visión.', 100, 10, FALSE, 'casco_de_cuero_2.jpg', '8f8cc2cc-b9ca-4a1a-b654-2e2f23462f0c');
INSERT INTO PRODUCTO (ID, NOMBRE, DESCRIPCION, PRECIO, STOCK, DESCUENTO, IMAGEN, CATEGORIA_ID) VALUES ('a600f2fa-3abb-417c-9635-0579ec134e88', 'Armadura de Cuero 3', 'Protección ligera pero flexible.', 120, 10, FALSE, 'armadura_de_cuero_3.jpg', '8f8cc2cc-b9ca-4a1a-b654-2e2f23462f0c');
INSERT INTO PRODUCTO (ID, NOMBRE, DESCRIPCION, PRECIO, STOCK, DESCUENTO, IMAGEN, CATEGORIA_ID) VALUES ('d2b71aee-674b-4ee3-ba61-efacab405f40', 'Botas de Cuero 3', 'Cómodas y resistentes.', 80, 10, FALSE, 'botas_de_cuero_3.jpg', '8f8cc2cc-b9ca-4a1a-b654-2e2f23462f0c');
INSERT INTO PRODUCTO (ID, NOMBRE, DESCRIPCION, PRECIO, STOCK, DESCUENTO, IMAGEN, CATEGORIA_ID) VALUES ('fddc32e7-9bb8-4c18-beb3-b3299c2db806', 'Guantes de Cuero 3', 'Mejoran el agarre y protección.', 60, 10, FALSE, 'guantes_de_cuero_3.jpg', '8f8cc2cc-b9ca-4a1a-b654-2e2f23462f0c');
INSERT INTO PRODUCTO (ID, NOMBRE, DESCRIPCION, PRECIO, STOCK, DESCUENTO, IMAGEN, CATEGORIA_ID) VALUES ('ef9cf39c-c04e-4a94-9599-4c8c6adc36d6', 'Peto de Cuero 3', 'Cobertura amplia para el torso.', 150, 10, FALSE, 'peto_de_cuero_3.jpg', '8f8cc2cc-b9ca-4a1a-b654-2e2f23462f0c');
INSERT INTO PRODUCTO (ID, NOMBRE, DESCRIPCION, PRECIO, STOCK, DESCUENTO, IMAGEN, CATEGORIA_ID) VALUES ('eab741d4-117e-4e7c-beb7-930b036bd0de', 'Casco de Cuero 3', 'Protege la cabeza sin restringir visión.', 100, 10, FALSE, 'casco_de_cuero_3.jpg', '8f8cc2cc-b9ca-4a1a-b654-2e2f23462f0c');
INSERT INTO PRODUCTO (ID, NOMBRE, DESCRIPCION, PRECIO, STOCK, DESCUENTO, IMAGEN, CATEGORIA_ID) VALUES ('f01e3b5a-e0b7-4eb5-bdfd-74c83da83cd1', 'Armadura de Cuero 4', 'Protección ligera pero flexible.', 120, 10, FALSE, 'armadura_de_cuero_4.jpg', '8f8cc2cc-b9ca-4a1a-b654-2e2f23462f0c');
INSERT INTO PRODUCTO (ID, NOMBRE, DESCRIPCION, PRECIO, STOCK, DESCUENTO, IMAGEN, CATEGORIA_ID) VALUES ('714eba61-718c-4b99-94e0-d62992dc3f3a', 'Botas de Cuero 4', 'Cómodas y resistentes.', 80, 10, FALSE, 'botas_de_cuero_4.jpg', '8f8cc2cc-b9ca-4a1a-b654-2e2f23462f0c');
INSERT INTO PRODUCTO (ID, NOMBRE, DESCRIPCION, PRECIO, STOCK, DESCUENTO, IMAGEN, CATEGORIA_ID) VALUES ('0e2e0476-d7a4-4713-bd70-1093aa28e693', 'Guantes de Cuero 4', 'Mejoran el agarre y protección.', 60, 10, FALSE, 'guantes_de_cuero_4.jpg', '8f8cc2cc-b9ca-4a1a-b654-2e2f23462f0c');
INSERT INTO PRODUCTO (ID, NOMBRE, DESCRIPCION, PRECIO, STOCK, DESCUENTO, IMAGEN, CATEGORIA_ID) VALUES ('8ef29c2e-009e-4894-a793-72065805955c', 'Peto de Cuero 4', 'Cobertura amplia para el torso.', 150, 10, FALSE, 'peto_de_cuero_4.jpg', '8f8cc2cc-b9ca-4a1a-b654-2e2f23462f0c');
INSERT INTO PRODUCTO (ID, NOMBRE, DESCRIPCION, PRECIO, STOCK, DESCUENTO, IMAGEN, CATEGORIA_ID) VALUES ('8a4e46ec-9903-4c49-b3d3-68f128c09229', 'Casco de Cuero 4', 'Protege la cabeza sin restringir visión.', 100, 10, FALSE, 'casco_de_cuero_4.jpg', '8f8cc2cc-b9ca-4a1a-b654-2e2f23462f0c');
INSERT INTO PRODUCTO (ID, NOMBRE, DESCRIPCION, PRECIO, STOCK, DESCUENTO, IMAGEN, CATEGORIA_ID) VALUES ('16e2c4ab-f21c-4819-8014-c7181d3454e9', 'Armadura de Placas 1', 'Protección máxima con acero templado.', 300, 10, FALSE, 'armadura_de_placas_1.jpg', '81c049fb-d020-4941-b633-87f040ab4cb8');
INSERT INTO PRODUCTO (ID, NOMBRE, DESCRIPCION, PRECIO, STOCK, DESCUENTO, IMAGEN, CATEGORIA_ID) VALUES ('078187be-ab63-4740-98b3-e515df5f4d4c', 'Casco de Hierro 1', 'Casco robusto para la batalla.', 130, 10, FALSE, 'casco_de_hierro_1.jpg', '81c049fb-d020-4941-b633-87f040ab4cb8');
INSERT INTO PRODUCTO (ID, NOMBRE, DESCRIPCION, PRECIO, STOCK, DESCUENTO, IMAGEN, CATEGORIA_ID) VALUES ('99f13c85-2537-4685-ba1d-ea5256d07922', 'Guantes de Acero 1', 'Protección para las manos.', 110, 10, FALSE, 'guantes_de_acero_1.jpg', '81c049fb-d020-4941-b633-87f040ab4cb8');
INSERT INTO PRODUCTO (ID, NOMBRE, DESCRIPCION, PRECIO, STOCK, DESCUENTO, IMAGEN, CATEGORIA_ID) VALUES ('48d1c46b-c63a-452c-b614-ebb5df19022c', 'Botas de Placas 1', 'Robustas y resistentes.', 140, 10, FALSE, 'botas_de_placas_1.jpg', '81c049fb-d020-4941-b633-87f040ab4cb8');
INSERT INTO PRODUCTO (ID, NOMBRE, DESCRIPCION, PRECIO, STOCK, DESCUENTO, IMAGEN, CATEGORIA_ID) VALUES ('ab8a8d8c-70d2-463d-9b92-a88b9c176730', 'Escudo de Hierro 1', 'Bloquea ataques con gran resistencia.', 180, 10, FALSE, 'escudo_de_hierro_1.jpg', '81c049fb-d020-4941-b633-87f040ab4cb8');
INSERT INTO PRODUCTO (ID, NOMBRE, DESCRIPCION, PRECIO, STOCK, DESCUENTO, IMAGEN, CATEGORIA_ID) VALUES ('0895e13f-7a79-404d-9500-5d98baee68d1', 'Armadura de Placas 2', 'Protección máxima con acero templado.', 300, 10, FALSE, 'armadura_de_placas_2.jpg', '81c049fb-d020-4941-b633-87f040ab4cb8');
INSERT INTO PRODUCTO (ID, NOMBRE, DESCRIPCION, PRECIO, STOCK, DESCUENTO, IMAGEN, CATEGORIA_ID) VALUES ('2e1cfb6b-5642-419e-81de-92323ece9bd9', 'Casco de Hierro 2', 'Casco robusto para la batalla.', 130, 10, FALSE, 'casco_de_hierro_2.jpg', '81c049fb-d020-4941-b633-87f040ab4cb8');
INSERT INTO PRODUCTO (ID, NOMBRE, DESCRIPCION, PRECIO, STOCK, DESCUENTO, IMAGEN, CATEGORIA_ID) VALUES ('4303ec18-4606-44a6-a5e4-c1c43eec1f76', 'Guantes de Acero 2', 'Protección para las manos.', 110, 10, FALSE, 'guantes_de_acero_2.jpg', '81c049fb-d020-4941-b633-87f040ab4cb8');
INSERT INTO PRODUCTO (ID, NOMBRE, DESCRIPCION, PRECIO, STOCK, DESCUENTO, IMAGEN, CATEGORIA_ID) VALUES ('6464a207-7737-4fb2-a6f4-7ec2765eba42', 'Botas de Placas 2', 'Robustas y resistentes.', 140, 10, FALSE, 'botas_de_placas_2.jpg', '81c049fb-d020-4941-b633-87f040ab4cb8');
INSERT INTO PRODUCTO (ID, NOMBRE, DESCRIPCION, PRECIO, STOCK, DESCUENTO, IMAGEN, CATEGORIA_ID) VALUES ('6c044278-0787-440d-b873-5aba1e64cfbf', 'Escudo de Hierro 2', 'Bloquea ataques con gran resistencia.', 180, 10, FALSE, 'escudo_de_hierro_2.jpg', '81c049fb-d020-4941-b633-87f040ab4cb8');
INSERT INTO PRODUCTO (ID, NOMBRE, DESCRIPCION, PRECIO, STOCK, DESCUENTO, IMAGEN, CATEGORIA_ID) VALUES ('9c686ea2-41bd-4ce0-b774-e059a767af54', 'Armadura de Placas 3', 'Protección máxima con acero templado.', 300, 10, FALSE, 'armadura_de_placas_3.jpg', '81c049fb-d020-4941-b633-87f040ab4cb8');
INSERT INTO PRODUCTO (ID, NOMBRE, DESCRIPCION, PRECIO, STOCK, DESCUENTO, IMAGEN, CATEGORIA_ID) VALUES ('107a3854-b37a-4e5e-bd70-6933b0bdc549', 'Casco de Hierro 3', 'Casco robusto para la batalla.', 130, 10, FALSE, 'casco_de_hierro_3.jpg', '81c049fb-d020-4941-b633-87f040ab4cb8');
INSERT INTO PRODUCTO (ID, NOMBRE, DESCRIPCION, PRECIO, STOCK, DESCUENTO, IMAGEN, CATEGORIA_ID) VALUES ('04d3ae1b-cc5c-41e9-af90-1b9fec2e2f59', 'Guantes de Acero 3', 'Protección para las manos.', 110, 10, FALSE, 'guantes_de_acero_3.jpg', '81c049fb-d020-4941-b633-87f040ab4cb8');
INSERT INTO PRODUCTO (ID, NOMBRE, DESCRIPCION, PRECIO, STOCK, DESCUENTO, IMAGEN, CATEGORIA_ID) VALUES ('4f46fe3c-f3b7-41bc-8109-4dc1829cdc15', 'Botas de Placas 3', 'Robustas y resistentes.', 140, 10, FALSE, 'botas_de_placas_3.jpg', '81c049fb-d020-4941-b633-87f040ab4cb8');
INSERT INTO PRODUCTO (ID, NOMBRE, DESCRIPCION, PRECIO, STOCK, DESCUENTO, IMAGEN, CATEGORIA_ID) VALUES ('1aecdc64-e516-4e4a-a5bd-6c9c3ec68da2', 'Escudo de Hierro 3', 'Bloquea ataques con gran resistencia.', 180, 10, FALSE, 'escudo_de_hierro_3.jpg', '81c049fb-d020-4941-b633-87f040ab4cb8');
INSERT INTO PRODUCTO (ID, NOMBRE, DESCRIPCION, PRECIO, STOCK, DESCUENTO, IMAGEN, CATEGORIA_ID) VALUES ('4510b0bb-8c78-46f4-8d41-d0f1f1b63a65', 'Armadura de Placas 4', 'Protección máxima con acero templado.', 300, 10, FALSE, 'armadura_de_placas_4.jpg', '81c049fb-d020-4941-b633-87f040ab4cb8');
INSERT INTO PRODUCTO (ID, NOMBRE, DESCRIPCION, PRECIO, STOCK, DESCUENTO, IMAGEN, CATEGORIA_ID) VALUES ('11dce35c-2044-4156-80b9-2e373c1c81dc', 'Casco de Hierro 4', 'Casco robusto para la batalla.', 130, 10, FALSE, 'casco_de_hierro_4.jpg', '81c049fb-d020-4941-b633-87f040ab4cb8');
INSERT INTO PRODUCTO (ID, NOMBRE, DESCRIPCION, PRECIO, STOCK, DESCUENTO, IMAGEN, CATEGORIA_ID) VALUES ('b1f45d80-914f-41a0-a90e-e6345f7b93da', 'Guantes de Acero 4', 'Protección para las manos.', 110, 10, FALSE, 'guantes_de_acero_4.jpg', '81c049fb-d020-4941-b633-87f040ab4cb8');
INSERT INTO PRODUCTO (ID, NOMBRE, DESCRIPCION, PRECIO, STOCK, DESCUENTO, IMAGEN, CATEGORIA_ID) VALUES ('65422c2c-79f2-4fd4-a43d-c32865056c5d', 'Botas de Placas 4', 'Robustas y resistentes.', 140, 10, FALSE, 'botas_de_placas_4.jpg', '81c049fb-d020-4941-b633-87f040ab4cb8');
INSERT INTO PRODUCTO (ID, NOMBRE, DESCRIPCION, PRECIO, STOCK, DESCUENTO, IMAGEN, CATEGORIA_ID) VALUES ('2cbd110d-15f1-4ec1-b8d2-44d7ec013a82', 'Escudo de Hierro 4', 'Bloquea ataques con gran resistencia.', 180, 10, FALSE, 'escudo_de_hierro_4.jpg', '81c049fb-d020-4941-b633-87f040ab4cb8');


INSERT INTO usuario (id, username, password, nombre, apellidos, email, direccion, enabled, created_at) VALUES ('40595bf4-28b9-4394-a189-f12757dbc3b0', 'user', '{bcrypt}$2a$10$bofV6kNXT3YhHSv.XaW9neIjKIes8QbjSRyPmSV2p/jIzf2bjppRi', 'Juan', 'Pérez', 'user@example.com', 'Calle Falsa 123', true, NOW());
INSERT INTO usuario (id, username, password, nombre, apellidos, email, direccion, enabled, created_at) VALUES ('70e87237-4027-4b31-bbac-adc432561c8d', 'admin', '{bcrypt}$2a$10$RlcLSXIvm8VDjEBq19oB7OFEB3sJnxvJETStFrBeHwU1pYc0EGTTa', 'Admin', 'Administrador', 'admin@example.com', 'Avenida Principal 456', true, NOW());

INSERT INTO usuario_roles (usuario_id, roles) VALUES ('40595bf4-28b9-4394-a189-f12757dbc3b0', 'USER');
INSERT INTO usuario_roles (usuario_id, roles) VALUES ('70e87237-4027-4b31-bbac-adc432561c8d', 'ADMIN');
